<?xml version="1.0" encoding="UTF-8"?>
<beans xmlns="http://www.springframework.org/schema/beans" 
	xmlns:xsi="http://www.w3.org/2001/XMLSchema-instance"
	xmlns:tx="http://www.springframework.org/schema/tx" 
	xmlns:aop="http://www.springframework.org/schema/aop"
	xmlns:jee="http://www.springframework.org/schema/jee" 
	xmlns:context="http://www.springframework.org/schema/context"
	xmlns:lang="http://www.springframework.org/schema/lang"
	xmlns:security="http://www.springframework.org/schema/security"
     xmlns:mvc="http://www.springframework.org/schema/mvc"	
	 xsi:schemaLocation="http://www.springframework.org/schema/beans 
	   http://www.springframework.org/schema/beans/spring-beans-3.0.xsd
      http://www.springframework.org/schema/aop 
       http://www.springframework.org/schema/aop/spring-aop-3.0.xsd
	   http://www.springframework.org/schema/tx
	   http://www.springframework.org/schema/tx/spring-tx-3.0.xsd
	   http://www.springframework.org/schema/context
	   http://www.springframework.org/schema/context/spring-context-3.0.xsd
	   http://www.springframework.org/schema/jee
	   http://www.springframework.org/schema/jee/spring-jee-3.0.xsd
	   http://www.springframework.org/schema/lang
       http://www.springframework.org/schema/lang/spring-lang-3.0.xsd
       http://www.springframework.org/schema/mvc
       http://www.springframework.org/schema/mvc/spring-mvc-3.0.xsd
       http://www.springframework.org/schema/security
       http://www.springframework.org/schema/security/spring-security-3.0.xsd">



 	
 	<!-- ******************************************************************** -->
	<!-- Spring 3.0 configuration -->
	<!-- ******************************************************************** -->
 	<mvc:annotation-driven/>
	
	<!-- Allows for mapping the DispatcherServlet to "/" by forwarding static resource requests to the container's default Servlet -->
	<mvc:default-servlet-handler/>

	<!--<mvc:view-controller path="/" view-name="loginRegister"/>
	
	--><!-- ******************************************************************** -->
	<!-- Mark bean transactions as annotation driven -->
	<!-- ******************************************************************** -->
	<tx:annotation-driven transaction-manager="transactionManager" />
	
 	<!-- ******************************************************************** -->
	<!-- Register Multi Part Resolve -->
	<!-- ******************************************************************** -->	
	<bean id="multipartResolver" class="org.skyway.spring.util.web.binary.ModelBindingMultipartResolver" />
	
	<!-- ******************************************************************** -->
	<!-- Register Streamed Binary Content View -->
	<!-- ******************************************************************** -->	
	<bean id="streamedBinaryContentView" class="org.skyway.spring.util.web.binary.ModelAttributeStreamer" />
	
	<!-- ******************************************************************** -->
	<!-- Bean Name View Resolver used to Redirect to Beans by id, required by Binary Content View -->
	<!-- ******************************************************************** -->
	<bean id="beanNameViewResolver" class="org.springframework.web.servlet.view.BeanNameViewResolver" />
	
	<bean id="viewResolver" class="org.springframework.web.servlet.view.UrlBasedViewResolver">
		<property name="viewClass" value="org.springframework.web.servlet.view.JstlView" />
        <property name="prefix" value="/WEB-INF/pages/" />
	</bean>

	<bean id="iPhoneUserAgentViewResolver" class="org.skyway.spring.util.viewresolution.UserAgentViewResolver">
        <property name="viewClass" value="org.springframework.web.servlet.view.JstlView" />
        <property name="agentSubstring" value="iPhone" />
        <property name="prefix" value="/WEB-INF/iphone/" />
        <property name="order" value="0" />
    </bean>

	<bean id="webInfViewResolver" class="org.skyway.spring.util.viewresolution.AbsolutePathViewResolver">
        <property name="viewClass" value="org.springframework.web.servlet.view.JstlView" />
        <property name="order" value="-1" />
    </bean>
    
	<!-- ******************************************************************** -->
	<!-- Scan for web layer annotated beans -->
	<!-- ******************************************************************** -->
	<context:component-scan base-package="org.blog.web" scoped-proxy="interfaces" />
	
	
</beans>